American Made (2017) [1080p] [YTS.AG],E:\Movies\American Made (2017) [1080p] [YTS.AG]
American.Made.2017.1080p.BluRay.x264-[YTS.AG].mp4,E:\Movies\American Made (2017) [1080p] [YTS.AG]\American.Made.2017.1080p.BluRay.x264-[YTS.AG].mp4
WWW.YTS.AG.jpg,E:\Movies\American Made (2017) [1080p] [YTS.AG]\WWW.YTS.AG.jpg
Batman,E:\Movies\Batman
Batman.The.Dark.Knight.Returns.Part.2.2013.BluRay.1080p.AVC.DTS-HD.MA5.1-CHDBits.Hi.srt,E:\Movies\Batman\Batman.The.Dark.Knight.Returns.Part.2.2013.BluRay.1080p.AVC.DTS-HD.MA5.1-CHDBits.Hi.srt
Watch Batman- The Dark Knight Returns, Part 2 (2013) - watch Batman- The Dark Knight Returns free movie full HD 1080p - Xmovies8.TS,E:\Movies\Batman\Watch Batman- The Dark Knight Returns, Part 2 (2013) - watch Batman- The Dark Knight Returns free movie full HD 1080p - Xmovies8.TS
Blade runner,E:\Movies\Blade runner
61310-blade-runner-2049-[English-subtitles.org].zip,E:\Movies\Blade runner\61310-blade-runner-2049-[English-subtitles.org].zip
Blade Runner 2049 Watch Online - Watch Movies for FREE - Seehd.Club.MP4,E:\Movies\Blade runner\Blade Runner 2049 Watch Online - Watch Movies for FREE - Seehd.Club.MP4
BLADE RUNNER 2049_Trailer 2_.srt,E:\Movies\Blade runner\BLADE RUNNER 2049_Trailer 2_.srt
Readme.html,E:\Movies\Blade runner\Readme.html
Bridge of spies,E:\Movies\Bridge of spies
Bridge.Of.Spies.2015.720p.BluRay.x264-[YTS.AG] -ENGLISH.srt,E:\Movies\Bridge of spies\Bridge.Of.Spies.2015.720p.BluRay.x264-[YTS.AG] -ENGLISH.srt
Watch Bridge of Spies (2015) - Xmovies8.TS,E:\Movies\Bridge of spies\Watch Bridge of Spies (2015) - Xmovies8.TS
Bright,E:\Movies\Bright
68557-bright-[English-subtitles.org].zip,E:\Movies\Bright\68557-bright-[English-subtitles.org].zip
Bright.2017.1080p.WEB.x264-CiELOS.HI.srt,E:\Movies\Bright\Bright.2017.1080p.WEB.x264-CiELOS.HI.srt
Readme.html,E:\Movies\Bright\Readme.html
SUB.0.720p.MP4,E:\Movies\Bright\SUB.0.720p.MP4
Coco,E:\Movies\Coco
68710-coco-[English-subtitles.org].zip,E:\Movies\Coco\68710-coco-[English-subtitles.org].zip
Coco.2017.HDTS.ChinaSource-English.srt,E:\Movies\Coco\Coco.2017.HDTS.ChinaSource-English.srt
Readme.html,E:\Movies\Coco\Readme.html
Stream Coco (2017) Free Movies Online - Shaanig.mkv,E:\Movies\Coco\Stream Coco (2017) Free Movies Online - Shaanig.mkv
Code.txt,E:\Movies\Code.txt
Dont breathe,E:\Movies\Dont breathe
Dont.Breathe.2016.BDRip.x264-SPARKS.srt,E:\Movies\Dont breathe\Dont.Breathe.2016.BDRip.x264-SPARKS.srt
Watch Don't Breathe - Watch Don't Breathe 2016 - Xmovies8.MP4,E:\Movies\Dont breathe\Watch Don't Breathe - Watch Don't Breathe 2016 - Xmovies8.MP4
Fight club,E:\Movies\Fight club
fightclub19991080p720pblurayx264ytsag-english-106386.zip,E:\Movies\Fight club\fightclub19991080p720pblurayx264ytsag-english-106386.zip
Stream Fight Club (1999) Free Movies Online - Shaanig.mkv,E:\Movies\Fight club\Stream Fight Club (1999) Free Movies Online - Shaanig.mkv
FouMovies.10.Cl0v3rf13ld.L2n3.16.001.mp4,E:\Movies\FouMovies.10.Cl0v3rf13ld.L2n3.16.001.mp4
FouMovies.3sc2p3.Pl2n.13.001.mp4,E:\Movies\FouMovies.3sc2p3.Pl2n.13.001.mp4
FouMovies.B2ttl3.L0s.2ng3l3s.11.007.mkv,E:\Movies\FouMovies.B2ttl3.L0s.2ng3l3s.11.007.mkv
FouMovies.It.Comes.at.Night.17.001.mp4,E:\Movies\FouMovies.It.Comes.at.Night.17.001.mp4
FouMovies.Life.17.001.mkv,E:\Movies\FouMovies.Life.17.001.mkv
FouMovies.Shot.Caller.17.001.mp4,E:\Movies\FouMovies.Shot.Caller.17.001.mp4
Ghost in a shell,E:\Movies\Ghost in a shell
Ghost.in.the.Shell.2017.720p,E:\Movies\Ghost in a shell\Ghost.in.the.Shell.2017.720p
1080p.BluRay.x264-[YTS.AG].srt,E:\Movies\Ghost in a shell\Ghost.in.the.Shell.2017.720p\1080p.BluRay.x264-[YTS.AG].srt
ghostintheshell2017720p1080pblurayx264-ytsag-english-111994.zip,E:\Movies\Ghost in a shell\ghostintheshell2017720p1080pblurayx264-ytsag-english-111994.zip
tt3532216.Ghost.in.the.Shell.2017.720p.BrRip.x265.HEVC_shaanig.MP4,E:\Movies\Ghost in a shell\tt3532216.Ghost.in.the.Shell.2017.720p.BrRip.x265.HEVC_shaanig.MP4
Logan,E:\Movies\Logan
Logan.2017.720p.BluRay.x264-YTS.AG.srt,E:\Movies\Logan\Logan.2017.720p.BluRay.x264-YTS.AG.srt
Logan.mp4,E:\Movies\Logan\Logan.mp4
Manchester.by.the.Sea.2016.1080p.BluRay.H264.AAC-RARBG,E:\Movies\Manchester.by.the.Sea.2016.1080p.BluRay.H264.AAC-RARBG
Manchester.by.the.Sea.2016.1080p.BluRay.H264.AAC-RARBG.mp4,E:\Movies\Manchester.by.the.Sea.2016.1080p.BluRay.H264.AAC-RARBG\Manchester.by.the.Sea.2016.1080p.BluRay.H264.AAC-RARBG.mp4
Manchester.by.the.Sea.2016.1080p.BluRay.H264.AAC-RARBG.nfo,E:\Movies\Manchester.by.the.Sea.2016.1080p.BluRay.H264.AAC-RARBG\Manchester.by.the.Sea.2016.1080p.BluRay.H264.AAC-RARBG.nfo
RARBG.mp4,E:\Movies\Manchester.by.the.Sea.2016.1080p.BluRay.H264.AAC-RARBG\RARBG.mp4
RARBG.txt,E:\Movies\Manchester.by.the.Sea.2016.1080p.BluRay.H264.AAC-RARBG\RARBG.txt
Subs,E:\Movies\Manchester.by.the.Sea.2016.1080p.BluRay.H264.AAC-RARBG\Subs
Manchester.by.the.Sea.2016.1080p.BluRay.H264.AAC-RARBG.idx,E:\Movies\Manchester.by.the.Sea.2016.1080p.BluRay.H264.AAC-RARBG\Subs\Manchester.by.the.Sea.2016.1080p.BluRay.H264.AAC-RARBG.idx
Manchester.by.the.Sea.2016.1080p.BluRay.H264.AAC-RARBG.sub,E:\Movies\Manchester.by.the.Sea.2016.1080p.BluRay.H264.AAC-RARBG\Subs\Manchester.by.the.Sea.2016.1080p.BluRay.H264.AAC-RARBG.sub
Me Before You (2016) [YTS.AG],E:\Movies\Me Before You (2016) [YTS.AG]
Me.Before.You.2016.720p.BluRay.x264-[YTS.AG].mp4,E:\Movies\Me Before You (2016) [YTS.AG]\Me.Before.You.2016.720p.BluRay.x264-[YTS.AG].mp4
Thumbs.db,E:\Movies\Me Before You (2016) [YTS.AG]\Thumbs.db
WWW.YTS.AG.jpg,E:\Movies\Me Before You (2016) [YTS.AG]\WWW.YTS.AG.jpg
Mechanic Resurrection (2016) [YTS.AG],E:\Movies\Mechanic Resurrection (2016) [YTS.AG]
Mechanic.Resurrection.2016.720p.BluRay.x264-[YTS.AG].mp4,E:\Movies\Mechanic Resurrection (2016) [YTS.AG]\Mechanic.Resurrection.2016.720p.BluRay.x264-[YTS.AG].mp4
WWW.YTS.AG.jpg,E:\Movies\Mechanic Resurrection (2016) [YTS.AG]\WWW.YTS.AG.jpg
Sicario,E:\Movies\Sicario
Sicario.2015.1080p.BluRay.x264-SPARKS.srt,E:\Movies\Sicario\Sicario.2015.1080p.BluRay.x264-SPARKS.srt
Watch Sicario (2015) - Xmovies8.TS,E:\Movies\Sicario\Watch Sicario (2015) - Xmovies8.TS
Silence,E:\Movies\Silence
Readme.txt,E:\Movies\Silence\Readme.txt
Silence.2016.1080p.BluRay.x264-[YTS.AG]ING.srt,E:\Movies\Silence\Silence.2016.1080p.BluRay.x264-[YTS.AG]ING.srt
silence2016720pblurayx264ytsag-english-106177.zip,E:\Movies\Silence\silence2016720pblurayx264ytsag-english-106177.zip
Watch Silence - Watch Silence 2016 Free Movies - Xmovies8.MP4,E:\Movies\Silence\Watch Silence - Watch Silence 2016 Free Movies - Xmovies8.MP4
__MACOSX,E:\Movies\Silence\__MACOSX
._Silence.2016.1080p.BluRay.x264-[YTS.AG]ING.srt,E:\Movies\Silence\__MACOSX\._Silence.2016.1080p.BluRay.x264-[YTS.AG]ING.srt
Stream Indu Sarkar (2017) Free Movies Online - Shaanig.mkv,E:\Movies\Stream Indu Sarkar (2017) Free Movies Online - Shaanig.mkv
Stream Jagga Jasoos (2017) Free Movies Online - Shaanig.mkv,E:\Movies\Stream Jagga Jasoos (2017) Free Movies Online - Shaanig.mkv
Stream Lucknow Central (2017) Free Movies Online - Shaanig.mkv,E:\Movies\Stream Lucknow Central (2017) Free Movies Online - Shaanig.mkv
Stream Mom (2017) Free Movies Online - Shaanig.mkv,E:\Movies\Stream Mom (2017) Free Movies Online - Shaanig.mkv
The.Accountant.2016.720p.BRRip.x264.AAC-ETRG,E:\Movies\The.Accountant.2016.720p.BRRip.x264.AAC-ETRG
The.Accountant.2016.720p.BRRip.x264.AAC-ETRG.mp4,E:\Movies\The.Accountant.2016.720p.BRRip.x264.AAC-ETRG\The.Accountant.2016.720p.BRRip.x264.AAC-ETRG.mp4
Thor,E:\Movies\Thor
63430-thor-ragnarok-[English-subtitles.org].zip,E:\Movies\Thor\63430-thor-ragnarok-[English-subtitles.org].zip
Readme.html,E:\Movies\Thor\Readme.html
Stream Thor- Ragnarok (2017) Free Movies Online - Shaanig.mkv,E:\Movies\Thor\Stream Thor- Ragnarok (2017) Free Movies Online - Shaanig.mkv
Thor Ragnarok (2017).srt,E:\Movies\Thor\Thor Ragnarok (2017).srt
War.For.The.Planet.Of.The.Apes.2017.720p.HC.HDRip.MkvCage.mkv,E:\Movies\War.For.The.Planet.Of.The.Apes.2017.720p.HC.HDRip.MkvCage.mkv
war-for-the-planet-of-the-apes-2017-english-1049912,E:\Movies\War.For.The.Planet.Of.The.Apes.2017.720p.HC.HDRip.MkvCage.mkv\war-for-the-planet-of-the-apes-2017-english-1049912
isubtitles.net.txt,E:\Movies\War.For.The.Planet.Of.The.Apes.2017.720p.HC.HDRip.MkvCage.mkv\war-for-the-planet-of-the-apes-2017-english-1049912\isubtitles.net.txt
War for the Planet of the Apes   Official Trailer   20th Century FOX.srt,E:\Movies\War.For.The.Planet.Of.The.Apes.2017.720p.HC.HDRip.MkvCage.mkv\war-for-the-planet-of-the-apes-2017-english-1049912\War for the Planet of the Apes   Official Trailer   20th Century FOX.srt
War.for.the.Planet.of.the.Apes.2017.720p.BluRay.x264-YTS.AG.srt,E:\Movies\War.For.The.Planet.Of.The.Apes.2017.720p.HC.HDRip.MkvCage.mkv\War.for.the.Planet.of.the.Apes.2017.720p.BluRay.x264-YTS.AG.srt
War.For.The.Planet.Of.The.Apes.2017.720p.HC.HDRip.MkvCage.mkv,E:\Movies\War.For.The.Planet.Of.The.Apes.2017.720p.HC.HDRip.MkvCage.mkv\War.For.The.Planet.Of.The.Apes.2017.720p.HC.HDRip.MkvCage.mkv
warfortheplanetoftheapes2017720pblurayx264-ytsag-english-115489.zip,E:\Movies\War.For.The.Planet.Of.The.Apes.2017.720p.HC.HDRip.MkvCage.mkv\warfortheplanetoftheapes2017720pblurayx264-ytsag-english-115489.zip
Watch Download Stream Ittefaq (2017) Online Free - Shaanig.mkv,E:\Movies\Watch Download Stream Ittefaq (2017) Online Free - Shaanig.mkv
